{
	"info": {
		"_postman_id": "dfc0a52e-3bee-473b-a7ba-4d72f3bd9d3e",
		"name": "kontroshka",
		"schema": "https://schema.getpostman.com/json/collection/v2.1.0/collection.json",
		"_exporter_id": "47503224",
		"_collection_link": "https://gulbara16-1643965.postman.co/workspace/Gulbara's-Workspace~1df0ccfa-91d2-46c8-8aa8-c3526016b532/collection/47503224-dfc0a52e-3bee-473b-a7ba-4d72f3bd9d3e?action=share&source=collection_link&creator=47503224"
	},
	"item": [
		{
			"name": "get users",
			"event": [
				{
					"listen": "test",
					"script": {
						"exec": [
							"var resp = pm.response.json();",
							"",
							"pm.test(\"Status code is 200\", function () {",
							"    pm.response.to.have.status(200);",
							"});",
							"",
							""
						],
						"type": "text/javascript",
						"packages": {}
					}
				}
			],
			"protocolProfileBehavior": {
				"disableBodyPruning": true
			},
			"request": {
				"method": "GET",
				"header": [
					{
						"key": "Authorization",
						"value": "{{token}}",
						"type": "text"
					}
				],
				"body": {
					"mode": "raw",
					"raw": "",
					"options": {
						"raw": {
							"language": "json"
						}
					}
				},
				"url": {
					"raw": "{{base_url}}/public/v2/users",
					"host": [
						"{{base_url}}"
					],
					"path": [
						"public",
						"v2",
						"users"
					]
				}
			},
			"response": []
		},
		{
			"name": "create user",
			"event": [
				{
					"listen": "test",
					"script": {
						"exec": [
							"pm.test(\"Status code is 201\", function () {",
							"    pm.response.to.have.status(201);",
							"});"
						],
						"type": "text/javascript",
						"packages": {}
					}
				}
			],
			"request": {
				"method": "POST",
				"header": [
					{
						"key": "Accept",
						"value": "application/json"
					},
					{
						"key": "Content-Type",
						"value": "application/json"
					},
					{
						"key": "Authorization",
						"value": "{{token}}"
					}
				],
				"body": {
					"mode": "raw",
					"raw": "{\n    \"name\": \"Dura\",\n    \"gender\": \"female\",\n    \"email\": \"dura@15ce.com\",\n    \"status\": \"active\"\n}",
					"options": {
						"raw": {
							"language": "json"
						}
					}
				},
				"url": {
					"raw": "{{base_url}}/public/v2/users",
					"host": [
						"{{base_url}}"
					],
					"path": [
						"public",
						"v2",
						"users"
					]
				}
			},
			"response": []
		},
		{
			"name": "update",
			"event": [
				{
					"listen": "test",
					"script": {
						"exec": [
							"var resp = pm.response.json();",
							"",
							"pm.test(\"Status code is 200\", function () {",
							"    pm.response.to.have.status(200);",
							"});",
							"",
							"pm.test(\"do we have name in body\", function () {",
							"    pm.expect(resp).to.have.property(\"name\"); // if we have status code will be 200",
							"});",
							"",
							"pm.test(\"name is changed\", function () {",
							"    pm.expect(resp.name).to.eql(\"Nodira\");",
							"});"
						],
						"type": "text/javascript",
						"packages": {}
					}
				}
			],
			"request": {
				"method": "PATCH",
				"header": [
					{
						"key": "Accept",
						"value": "application/json"
					},
					{
						"key": "Content-Type",
						"value": "application/json"
					},
					{
						"key": "Authorization",
						"value": "{{token}}"
					}
				],
				"body": {
					"mode": "raw",
					"raw": "{\n    \"name\": \"Nodira\",\n    \"email\": \"nodiraa@15ce.com\",\n    \"status\": \"active\"\n}",
					"options": {
						"raw": {
							"language": "json"
						}
					}
				},
				"url": {
					"raw": "{{base_url}}/public/v2/users/8086783",
					"host": [
						"{{base_url}}"
					],
					"path": [
						"public",
						"v2",
						"users",
						"8086783"
					]
				}
			},
			"response": []
		},
		{
			"name": "delete",
			"event": [
				{
					"listen": "test",
					"script": {
						"exec": [
							"pm.test(\"Status code is 204\", function () {",
							"    pm.response.to.have.status(204);",
							"});"
						],
						"type": "text/javascript",
						"packages": {}
					}
				}
			],
			"request": {
				"method": "DELETE",
				"header": [
					{
						"key": "Authorization",
						"value": "{{token}}",
						"type": "text"
					}
				],
				"body": {
					"mode": "raw",
					"raw": "",
					"options": {
						"raw": {
							"language": "json"
						}
					}
				},
				"url": {
					"raw": "{{base_url}}/public/v2/users/8086783",
					"host": [
						"{{base_url}}"
					],
					"path": [
						"public",
						"v2",
						"users",
						"8086783"
					]
				}
			},
			"response": []
		},
		{
			"name": "post userID",
			"event": [
				{
					"listen": "test",
					"script": {
						"exec": [
							"",
							"pm.test(\"Status code is 201\", function () {",
							"    pm.response.to.have.status(201);",
							"});"
						],
						"type": "text/javascript",
						"packages": {}
					}
				}
			],
			"request": {
				"method": "POST",
				"header": [
					{
						"key": "Authorization",
						"value": "{{token}}",
						"type": "text"
					}
				],
				"body": {
					"mode": "raw",
					"raw": "{\n    \"title\": \"hello! dura dora\",\n    \"body\": \"this is my body\"\n}",
					"options": {
						"raw": {
							"language": "json"
						}
					}
				},
				"url": {
					"raw": "{{base_url}}/public/v2/users/8086853/posts",
					"host": [
						"{{base_url}}"
					],
					"path": [
						"public",
						"v2",
						"users",
						"8086853",
						"posts"
					]
				}
			},
			"response": []
		},
		{
			"name": "get posts",
			"event": [
				{
					"listen": "test",
					"script": {
						"exec": [
							"var resp = pm.response.json();",
							"",
							"pm.test(\"Status code is 200\", function () {",
							"    pm.response.to.have.status(200);",
							"});",
							"",
							"pm.test(\"array check\", function () {",
							"    pm.expect(resp).to.be.an(\"array\");",
							"});",
							"",
							"pm.test(\"Есть поле id\", function () {",
							"    pm.expect(resp[0]).to.have.property(\"id\");",
							"});",
							"",
							"pm.test(\"Есть поле user_id\", function () {",
							"    pm.expect(resp[0]).to.have.property(\"user_id\");",
							"});",
							"",
							"pm.test(\"Есть поле title\", function () {",
							"    pm.expect(resp[0]).to.have.property(\"title\");",
							"});",
							"",
							"pm.test(\"Есть поле body\", function () {",
							"    pm.expect(resp[0]).to.have.property(\"body\");",
							"});",
							""
						],
						"type": "text/javascript",
						"packages": {}
					}
				}
			],
			"protocolProfileBehavior": {
				"disableBodyPruning": true
			},
			"request": {
				"method": "GET",
				"header": [
					{
						"key": "Authorization",
						"value": "{{token}}",
						"type": "text"
					}
				],
				"body": {
					"mode": "raw",
					"raw": "",
					"options": {
						"raw": {
							"language": "json"
						}
					}
				},
				"url": {
					"raw": "{{base_url}}/public/v2/users/8086853/posts",
					"host": [
						"{{base_url}}"
					],
					"path": [
						"public",
						"v2",
						"users",
						"8086853",
						"posts"
					]
				}
			},
			"response": []
		},
		{
			"name": "del",
			"event": [
				{
					"listen": "test",
					"script": {
						"exec": [
							"pm.test(\"Status code is 204\", function () {",
							"    pm.response.to.have.status(204);",
							"});"
						],
						"type": "text/javascript",
						"packages": {}
					}
				}
			],
			"request": {
				"method": "DELETE",
				"header": [
					{
						"key": "Authorization",
						"value": "{{token}}",
						"type": "text"
					}
				],
				"body": {
					"mode": "raw",
					"raw": ""
				},
				"url": {
					"raw": "{{base_url}}/public/v2/users/8086853",
					"host": [
						"{{base_url}}"
					],
					"path": [
						"public",
						"v2",
						"users",
						"8086853"
					]
				}
			},
			"response": []
		}
	]
}