{
	"id": "661000fd-9712-41e1-8cb8-9aa4f4b6850e",
	"name": "kontroshka",
	"values": [
		{
			"key": "token",
			"value": "Bearer 03de0ce3d14e6499ac65087a06ac22fc6e793564ec2e1d3d83a6203bc4e7f7b8",
			"type": "default",
			"description": "",
			"enabled": true
		},
		{
			"key": "base_url",
			"value": "https://gorest.co.in",
			"type": "default",
			"description": "",
			"enabled": true
		}
	],
	"_postman_variable_scope": "environment",
	"_postman_exported_at": "2025-08-26T18:17:00.193Z",
	"_postman_exported_using": "Postman/11.59.6"
}